Верхний мелководно-морской шельф;Алевролит глинистый с линзами и прослоями песчаника тонкозернистого и аргиллита. Количество песчаного материала к кровле увеличивается. Текстуры: тонкая линзовидная слоистость, в песчаниках слоистость образованная штормами. Биотурбация высокой степени интенсивности (ходы Th, Te, As, Sc).
Верхний мелководно-морской шельф;Алевролит глинистый с линзами и прослоями песчаника тонкозернистого и аргиллита. Текстуры: тонкая линзовидная слоистость. Биотурбация средней степени интенсивности и разнообразия (ходы Th, Te, As, Sc?).
Временно заливаемые участки пойм;Неравномерное переслаивание песчаника тонкозернистого, алевролита глинистого и аргиллита. Цемент глинистый. Текстуры: тонкая линзовидная слоистость, ряби течений, деформационная, градационная. Деформации небольшого размера. Текстуры подчёркнуты УРД.
Временно заливаемые участки пойм;Песчаник тонко-мелкозернистый серый, с карбонатным цементом в верхней части и глинистым снизу. Текстуры: массивная. Немногочисленный УРД.
Временно заливаемые участки пойм;Алевролит глинистый с прослоями и линзами песчаника тонкозернистого и аргиллита. В песчаниках цемент карбонатный. Текстуры: тонкая линзовидная слоистость, по всему слою градационная слоистость, в песчаниках ряби течений. По всему интервалу УРД.
Дистальный конус выноса дельты;Песчаник тонкозернистый серый, с прослоями алевролита глинистого и аргиллита. Цемент глинистый. Текстуры: деформационная, рябь течений, тонкая линзовидная слоистость. Интракласты аргиллита.
Дистальный конус выноса дельты;Аргиллит с линзами алевролита глинистого. Текстуры: тонкая линзовидная слоистость.
Дистальный конус выноса дельты;Песчаник тонкозернистый серый, с прослоями алевролита глинистого и аргиллита. Цемент глинистый. Текстуры: рябь течений, тонкая линзовидная слоистость, градационная. УРД подчеркивает слоистость. Интракласты аргиллита по интервалу.
Дистальный конус выноса дельты;Алевролит глинистый с линзами и прослоями аргиллита и песчаника тонкозернистого. Текстуры: тонкая линзовидная слоистость с крупными многочисленными деформациями.
Дистальный прирусловой вал;Алевролит глинистый с линзами и прослоями песчаника тонкозернистого и аргиллита. Цемент в песчаниках глинистый. Текстуры: деформации, тонкая линзовидная слоистость, рябь течений. УРД по напластованию.
Дистальный прирусловой вал;Алевролит глинистый с линзами и прослоями песчаника тонкозернистого и аргиллита. Текстуры: тонкая линзовидная слоистость, рябь течений, в прослоях песчаника немногочисленная биотурбация представленная ходами Ph, Cos. Небольшое количество УРД по напластованию.
Дистальный прирусловой вал;Алевролит глинистый с линзами и прослоями аргиллита и песчаника тонкозернистого. Текстуры: тонкая линзовидная слоистость, ряби течений, деформации, в линзах песчаника биотурбация слабой степени интенсивности и разнообразия, представленная ходами Ph, Te. Небольшое количество УРД по напластованию.
Дистальный прирусловой вал;Алевролит глинистый с прослоями песчаника тонкозернистого и аргиллита. Цемент в песчаниках глинистый. Текстуры: тонкая линзовидная слоистость, ряби течений, деформации, градационная, массивная, горизонтальная слоистость. Текстуры нарушены деформациями. УРД по напластованию.
Дистальный прирусловой вал;Песчаник от мелко-до тонкозернистого серый, с прослоями алевролита глинистый с прослоями (от нескольких мм до 50 см) песчаника тонкозернистого и аргиллита. Цемент глинистый. Текстуры: массивная, тонкая линзовидная слоистость, горизонтальная, ряби течений, градационная, деформации. Биотурбация-единичные ходы Te. Текстуры подчеркнуты УРД, в кровле крупные УРО.
Дистальный прирусловой вал;Алевролит глинистый тонко линзовидно-слоистый, с песчаником тонкозернистым. Текстуры деформации.
Дистальный прирусловой вал;Неравномерное переслаивание песчаника тонкозернистого, алевролита глинистого, аргиллита. Цемент в песчаниках глинистый. Текстуры: градационная, ряби течений, горизонтальная, тонкая линзовидная слоистость, деформации, пламенные текстуры. УРД по напластованию.
Дистальный прирусловой вал;Песчаник тонко-мелкозернистый с интракластами аргиллита неокатанной формы. Цемент глинистый, частично карбонатизированный.
Дистальный прирусловой вал;Песчаник тонко-мелкозернистый серый с прослоями алевролита глинистого и аргиллита. Цемент в песчанике глинистый. Текстуры: массивная, горизонтальная слоистость, рябь течения, градационная слоистость, в прослоях аргиллита-тонколинзовидная слоистость. По интервалу встречаются интракласты аргиллита неокатанной формы. В кровле биотурбации слабой степени интенсивности и разнообразия (Te, Ph). По слою наблюдаются эрозионнные врезы. УРД по интервалу.
Дистальный прирусловой вал;Неравномерное переслаивание песчаника тонко-зернистого и алевролита с тонкими прослоями аргиллита. Текстуры: деформации, массивная горизонтальная. Встречается УРД по интервалу
Дистальный прирусловой вал;Неравномерное переслаивание песчаника тонко-зернистого, алевролита глинистого, аргиллита. Текстуры осложнены многочисленными крупными деформациями, наблюдаются текстуры ряби течения, тонколинзовидной слоистости, градационной в глинистых прослоях. УРД на поверхностях напластования. Цемент глинистый, местами карбонатизирован.
Дистальный прирусловой вал;Неравномерное переслаивание алевролита глинистого, песчаника тонкозернистого и аргиллита. Текстуры: линзовидная слоистость, нарушенная деформациями, в песчанике массивная с интракластами и рябью течения. Интракласты крупные с сохраненной первичной текстурой. Цемент глинистый.
Дистальный прирусловой вал;Песчаник от мелко-до тонкозернистого серого с глинистым цементом. В подошве крупные интракласты аргиллита с сохранившимися реликтовыми текстурами. Текстура массивная. УРД по интервалу.
Дистальный прирусловой вал;Песчаник тонкозернистый до мелкозернистого серого с тонкими прослоями алевролита глинистого и аргиллита. Цемент глинистый. Текстуры: косая слоистость, нарушенная деформациями, флазерная. Многочисленные УРД по интервалу.
Дистальный прирусловой вал;Неравномерное переслаивание песчаника тонко-зернистого, алевролита глинистого, аргиллита. Цемент в песчанике глинистый. Текстуры: тонко-линзовидная слоистость с рябью течения в линзах песчаника, деформационная. УРД по напластованию.
Дистальный прирусловой вал;Неравномерное переслаивание песчаника тонко-зернистого, алевролита глинистого и аргиллита. Цемент в песчанике глинистый. Текстуры: рябь течения, восходящая рябь течения, тонко-линзовидная слоистость, дебрисная текстура, биотурбации, деформационная текстура. Биотурбация слабой степени интенсивности, представленная ходами He, Cos, Ph. Единичные гнезда пирита. Текстуры подчеркнуты УРД.
Дистальный прирусловой вал;Песчаник тонко-мелкозернистый с глинистым цементом. Текстура массивная, с тонкими прослойками и линзами алевролита глинистого. По интервалу встречются глинистые интракласты. Небольшое количество УРД.
Дистальный прирусловой вал;Песчаник тонкозернистый серый, с глинистым цементом. Текстуры горизонтальной слоистости, ряби течения, линзы алевролита глинистого и аргиллита.
Дистальный прирусловой вал;Неравномерное переслаивание песчаника, алевролита глинистого и аргиллита. Текстуры: градационная слоистость, рябь течения. УРД по напластованию.
Дистальный прирусловой вал;Песчаник тонко-мелкозернистый серый, преимущественно с глинистым цементом, участками с карбонатным. Текстура в основной части массивная к кровле слоя, косая, горизонтальная и с рябью течения. В верхней части в единичных прослоях аргиллита градационная слоистость. УРД по напластованию.
Дистальный прирусловой вал;Неравномерное переслаивание песчаника тонко-зернситого, алевролита глинистого и аргиллита. Текстуры: рябь течения, градационная слоистость, биотурбация (He), тонко-линзовидная слоистость. Единичные гнезда пирита. УРД по напластованию.
Дистальный прирусловой вал;Неравноемерное переслаивание песчаника тонкозернистого, алевролита глинистого и аргиллита. Цемент в песчанике глинистый, в верхней части карбонатизированный. Текстуры: рябь течений, горизонтальная слоистость, градационная слоистость, единичная биотурбация (Cos, He, Sc), дебрисная текстура в песчанике.
Дистальный прирусловой вал;Песчаник тонко-мелкозернистый серый. Цемент глинистый. Текстура массивная, дебрисная. По интервалу встречаются интракласты аргиллита. По слою несколько эрозионных врезов.
Дистальный прирусловой вал;Неравномерное переслаивание песчаника тонко-зернистого, алевролита глинистого, аргиллита. Текстуры: тонко-линзовидная слоистость, деформационная, дебрисная. Текстуры подчеркнуты УРД. Цемент глинистый.
Дистальный прирусловой вал;Песчаник от мелко-тонко-зернистого до тонко-зернистого с постоянным уменьшением зернистости. Цемент глинистый. Текстура массивная с единичными деформациями, в верхней части обильный УРД.
Дистальный прирусловой вал;Неравномерное переслаивание песчаника тонкозернистого, алевролита глинистого, аргиллита. Цемент в песчанике глинистый. Текстуры: градационная, тонко-линзовидная слоистость, рябь течения, восходящая рябь течения, волнистая слоистость, горизонтальная слоистость, единичные деформации, резкие границы между литологическими разностями (жидкие илы). УРД по напластованию.
Дистальный прирусловой вал;Неравномерное переслаивание песчаника тонкозернистого, алевролита глинистого и аргиллита. В песчанике глинистый цемент. Текстуры: градационная слоистость, тонколинзовидная слоистость, рябь течения в песчанике, массивная текстура, деформационная, четкие границы между литологическими разностями (жидкие илы). Небольшое количество УРД на поверхностях напластования
Дистальный прирусловой вал;Алевро-аргиллит тонко-градационно слоистый и линзовидно-слоистый (линзы образованы волнами) с прослоями 1-3 см, редко до 5 см песчаника тонкозернстого карбонатизированного. В песчанике отмечаются текстуры волновой ряби. Породы спорадически биотурбированы (Ph, Th). Выделяются тонкие (~0,3-0,6 cм) прослои сидеритизации. Частота песчаных прослоев увеличивается к кровле слоя.
Дистальный прирусловой вал;Пачки аргиллита алевритистого с пачками песчаника тонкозернистого сильно карбонатизированного с массивной текстурой и текстурой штормовых волн. Алевролит с текстурой градационной слоистости
Дистальный прирусловой вал;Алевролит глинистый.Зона трещиноватости. Наблюдается многочисленные вертикальные, слабо наклонные, извилистые, разветленные трещины размером от первых миллиметров до 0,7 до 1,2 см. Наблюдаются текстуры кливажа. Порода со слабой степенью биотурбации (Cos, Th)
Дистальный прирусловой вал;Алевро-аргиллит тонко-градационнослоистый с тонкими прослоями (до 0,2-0,5 см) песчаника тонкозернистого с текстурами волновой ряби. В алевро-аргиллите также тонко-градационно-слоистая текстура (линзы образованы волнами). По слою отмечаются тонкие (до 1 см) сидеритизированные прослои. Породы слабо-средне биотурбированы ходами Ph, реже Th.
Дистальный прирусловой вал;Чередование пачек алевролита глинистого, гетеролитов от глинистых до песчанистых и песчаника тонкозернистого алевритистого. Количество и мощность песчаных пачек увеличивается к кровле слоя. Цемент преимущественно карбонатный, в кровле-карбонатно-глинистый. Текстуры: в алевролитовых пачках-градационная и линзовидно-слоистая за счёт ряби течения, участками отмечаются текстуры внедрения (подушечные). В песчаных пачках наблюдаются текстуры горизонтальной слоистости и восходящей ряби течений.
Дистальный прирусловой вал;Алевро-аргиллит тонкоградационно-слоистый с тонкими линзовидными прослойками (~2-3 мм) тонкозернистого песчаника со знаками мелкой косой слойчатости ряби течения. Включения пирита.
Дистальный прирусловой вал;Алевролит глинистый серого, темносерого цвета, в основном с градационно-слоистой текстурой, реже с массивной и линзовидно-слоистой за счёт ряби течений.Часто выделяются алевролиты с деформационными текстурами-оползания, микросбросы. В нижней и верхней частях выделяется прослой со слабой биотурбацией (ходы Ph).
Дистальный прирусловый вал;Прослой алевролита песчанистого серого цвета с текстурами оползания (многочисленными), подчёркнутые прослоями песчаника тонкозернистого.
Дистальный прирусловый вал;Песчаник мелко-тонко-зернистый массивный с карбонатно-глинистым, глинистокарбонатным и глинистым цементом. В средней части слоя выделяется прослой карбонатизации и сидеритизации. По слою интракласты аргиллита. Текстуры обезвоживания, жидкие илы.
Дистальный прирусловый вал;Алевролит глинистый с деформационными прослоями и внедрениями песчаника тонкозернистого по слою. Также отмечаются частые микросбросовые деформации. Порода обогащена рассеянным (дебрисовым) УРД.
Дистальный прирусловый вал;Песчаник от мелко-тонко-зернистого массивного с включениями интракластов до тонко-зернистого с горизонтальной слоистостью, нарушенной деформациями. Цемент карбонатно-глинистый, глинисто-карбонатный.
Дистальный прирусловый вал;Песчаники тонко-зернистый, реже мелкотонко-зернистый с текстурами горизонтальной слоистости, подчеркнутыми распределением УГСМ, цемент преимущественно карбонатный, реже карбонатно-глинистый. Выделяются пачки песчаных гетеролитов и алевролита серого массивного однородного, обогащенные дебрисом. Отмечаются текстуры деформации. Редко встречаются мелкие интракласты аргиллитов. Выделяются маломощные прослои (до 5 см), обогащенные дебрисом
Дистальный прирусловый вал;Чередование пачек алевролита глинистого тонко-градационно слоистого с редкими песчаными линзами, образованными рябью течения с пачками глинистых гетеролитов и массивных однородных алевролитов песчаных со слабыми текстурами деформации. По слою отмечаются участки слабо биотурбированные (Ph) и с единичными ходами Dp и Cos.
Дистальный прирусловый вал;Гетеролит глинистый со слабыми текстурами деформаций, слабо биотурбированный (Te в нижней части, Ph выше по разрезу).
Канал промоины;Песчаник тонко-зернистый массивный, реже с горизонтальными (в подошве слоя) участками с деформациями (взмучивание). В средней части слоя выделяется небольшой прослой песчаного гетеролта с биотурбацией Te. Цемент часто сменяется от карбонатноглинистого до карбонатного
Канал промоины;Гетеролит глинистый, слабо биотурбированный ходами Ph, часто отмечаются текстурывнедрения и оползания. В нижней части слоя отмечается прослой алеврлита глинистого с текстурой градационно-слоистой, не биотурбированный с прослоями песчаника с текстурами оползания, с карбонатным цементом и прослой окремнения.
Латеральная зона дистальной части лопасти;Чередование пачек гетеролитов песчаных и глинистых, отмечается прослой дебрисного песчаника в кровле слоя и в нижней части слоя-пачка песчаника тонко-зернистого с крупными интракластами неправильной формы, хаотично расположенными.
Латеральная зона проксимальной части лопасти;Песчаникмелко-тонко-зернистый преимущественно массивный, изредка с текстурами взмучивания, редкими интракластами размером до 2-3 см, ориентированными параллельно напластованию, с прослоем дебрисных песчаников. Цемент от карбонатноглинистого до карбонатного. В нижней части слоя-прослой песчаного гетеролита, где отмечается слабая биотрубация Ph.
Латеральная зона проксимальной части лопасти;Песчаники мелко-тонко-зернистые от массивных до горизонтально-слоистых с частыми прослоями дебрисных песчаников в верхней части слоя. Отмечается частая смена цементации с плавными переходами от глинистокарбонатного к карбонатному, реже выделяется карбонатно-глинистый цемент.
Латеральная зона средней части лопасти;Глинистый гетеролит с четкими границами между литологическими разностями. Отмечаются подушечные текстуры (текстуры внедрения, слабые деформации). Биотурбация усиливается к кровле слоя (Ph).
Латеральная зона средней части лопасти;Песчаник мелко-тонко-зернистый преимущественно массивный и часто с текстурами взмучивания в верхней части слоя, чередующийся с пачками глинистых гетеролитов мощностью ~20-40 см. Выделяются прослои песчаников с горизонтальной слоистостью, образованные намывами УРД. По слою встречаются небольшие прослои дебрисовых песчаников.
Латеральная зона средней части лопасти;Песчаник массивный в средней части слоя со слабо выраженными текстурами взмучивания и тонким прослоем ряби течения. Цемент карбонатно-глинистый и карбонатный.
Нижний мелководно-морской шельф;Песчаник мелко-тонко-зернистый от массивного до горизонтально-слоистого, подчеркнутые намывами УРД, выделяется прослой насыщенный интракластами. Интракласты изогнутой, вытянутой формы с «рваными» краями, неправильной формы, ориентированные преимущественно согласно напластованию. Цемент карбонатно-глинистый.
Нижний мелководно-морской шельф;Песчаник мелко-тонко-зернистый преимущественно массивный, с глинисто-карбонатным цементом, редко (прослои до 40 см) с карбонатным. Среди мощных пачек массивных песчаников выделяютсяредкие маломощные прослои дебрисовых песчаников, обогащенные рассеянным УРД с включениями интракластов и с текстурами деформаций. Толщина их до 15-30 см. Частота и мощность их увеличивается к кровле слоя. Изредка выделяются пачки гетеролитов (мощность до 30 см) песчаных, реже глинистых. В пачках массивных песчаников отмечаются слабовыраженные текстуры взмучивания (спорадические). К ним часто приурочены включения интракластов уплощенной, вытянутой формы, ориентированные параллельно напластованию. Участками наблюдаются намывы УРД, выраженные в появлении горизонтальной слоистости.
Нижний мелководно-морской шельф;Песчаники мелко-тонкозернистые преимущественно массивные, участками с включениями мелких ( д о 3-5 с м ) интрокластов уплощенной , вытянутой п о напластованию формы. Изредка отмечаются прослои с горизонтальной слоистостью за счет намывов УРД, дебритовые прослои редкие тонкие (до 10 см). Редко в массивном песчанике отмечаются текстуры взмучивания, подушечные и пламенные текстуры (небольшой мощности). Цемент в нижней части глинисто-карбонатный, к кровле слоя постепенно повышается карбонатная составляющая.
Нижний мелководно-морской шельф;Песчаники тонкозернистые с текстурами от массивной до горизонтально слоистой с частым дебритовым обогащением. Выделяются тонкие (3-5 см) глинистые прослои (fm). Цемент от карбонатноглинистого, в нижней части до глинистого, в середине слоя-глинисто-карбонатный. В глинистых прослоях редко отмечается единичная биотурбация Teichichnus.
Нижний мелководно-морской шельф;Песчаник мелко-тонкозернистый массивный с карбонатно-глинистым цементом.
Нижний мелководно-морской шельф;Песчаник мелко-тонкозернистый массивный с карбонатно-глинистым цементом, в верхних 75 см-с карбонатным. В подошве единичные мелкие игольчатые интракласты. В середине слоя-тонкий прослой намывов УРД
Нижний мелководно-морской шельф;Алевролиты глинистые тонко горизонтально слоистые за счет распределения алевролито-песчаного материала. Участками прослои тонкие 2-5 мм, редко до 1-2 см, где отмечаются текстуры восходящей ряби течения. Также характерна градационная слоистость. В средней части слоя наблюдаются крупные оползневые деформации. В нижней части слоя отмечаются многочисленные микросбросовые деформации. Изредка, маломощными прослоями (до 10-15 см), наблюдаются зоны биотурбации ходами Cos и Ph.
Нижний мелководно-морской шельф;Преимущественно песчаники мелкотонкозернистые с текстурами : массивной слабовыраженной горизонтальной слоистости, иногда подчеркнутой намывами УРД, часто переходящей в восходящую рябь течения. Изредка наблюдаютс участки с текстурами взмучивания и конволютной слоистости, изредка пламенной (на контактах с глинистыми прослойками). По слою периодически выделяются пачки гетеролитов с текстурами восходящей ряби течения и fluid muds, градационной слоистости в алевролитово-глинистых прослоях. Также периодически выделяются прослои дебритовых песчаников, обогащенных углисто-глинистым материалом , интракластами с деформированными текстурами. Породы с глинисто-карбонатным и карбонатным цементом.
Нижний мелководно-морской шельф;Алевролит глинистый преимущественно градационно-слоистый, участками с горизонтальной слоистостью. Отмечаются редкие остатки ихтиодетрита на плоскостях напластования. В нижней части интервала выделяются прослои песчаников тонкозернистых алевритовых с текстурами горизонтальной слоистости и восходящей ряби течения, с карбонатным цементом. Наблюдаются единичные ходы Cos. Встречаются мелкие конкреции пирита.
Нижняя пред-фронтальная зона пляжа;Песчаник дебрисовый с разноразмерными обломками аргиллита неокатанной неправильной формы. Песчаник плохосортированнный мелко-тонкозернистый, обогащенный УРД. Цемент глинистокарбонатный. Отмечаются тонкие пропластки алевролитов глинистых. Характерны текстуры восходящей ряби течения и конволютной слоистости.
Окраинная часть канала;Песчаник тонкозернистый с текстурами обезвоживания с редкими мелкими игольчатыми интракластами, ориентированными параллельно напластованию. Цемент глинисто-карбонатный, в верхних 70 см карбонатный
Окраинная часть канала;Аргиллит, обогащенный мелким рассеянным УРД с текстурами внедрения
Окраинная часть канала;формы, с угловатыми краями размером до 5-7 см в песчанике тонкозернистом алевритистом с глинистым цементом
Окраинная часть канала;Песчаник мелко-тонкозернистый. В подошве с включениями мелких интракластов аргиллита небольшого размера, пластинчатой формы, вытянутых параллельно напластованию, уплощенных. Цемент в нижней части слоя карбонатно-глинистый, верхние 1,8 м-с с карбонатным. Нижние 40 см-текстура массивная, сменяющаяся слабовыраженной горизонтальной слоистостью или образованиями в результате обезвоживания породы (блюдцеобразная слоистость).
Окраинная часть канала;Песчаник массивный с карбонатно-глинистым цементом, тонкозернистый, с единичными мелкими интракластами аргиллита игольчатой формы.
Открытый шельф;Песчаник тонкозернистый со слабовыраженной горизонтальной слоистостью с текстурами обезвоживания. Цемент карбонатно-глинистый.
Открытый шельф;Аргиллиты алевритистые градационно-слоистые в подошве 6 прослоев песчаника тонкозернистого с микросбросами, выше смешяющиеся прослоем песчаника тонкозернистого с текстурами ряби течения и горизонтальной слоистости с деформациями. Цемент карбонатный. В кровле гетеролит глинистый с редкими прослоями песчаника тонкозернистого с рябью течения
Отложения межрусловых площадей;Песчаник мелко-тонкозернистый массивный с карбонатно-глинистым и карбонатным цементом с частыми про слоями, обогащенными интракластами различного размера (от первых мм до 5-7 см), вытянутой формы, полуокатанными, ориентированными параллельно напластованию. В кровле песчаник тонкозернистый с частыми глинистыми прослоями (fm). Границы четкие, между ними иногда отмечаются подушечные деформации на контакте между литологическими разностями. В песчаниках текстура восходящей ряби течения . В подошве песчаник мелкозернистый с включениями разноразмерных интракластов хаотично ориентрированных (преимущественно параллельно напластованию). Размер интракластов от 0,5-1,5 см до 5-8 см. Цемент глинистый.
Отложения межрусловых площадей;Песчаник тонкозернистый с глинистокарбонатным цементом. Текстуры: массивная, деформационная (оползания) и горизонтальная слоистость. Выделяются пачки гетеролитовых песчаников с текстурами восходящей ряби течения, часто обогащенные детритом.
Отложения межрусловых площадей;песчаник мелкозернистый горизонтально-слоистый с частыми включениями мелких вытянутых интракластов. Цемент глинистокарбонатный, реже карбонатный.
Отложения межрусловых площадей;Песчаник гетеролитовый переслаивающийся с аргиллитом. Характерны текстурами fm, восходящей рябью течения. Отмечаются частые окремнения по песчаным прослоям (до 5 см).
Отложения межрусловых площадей;гетеролит глинистый с линзами , образованными рябью течения. Отмечается слабая спорадическая биотурбация Ph. Отмечаются тонкие окремненные прослои.
Отложения межрусловых площадей;Алевролит глинистый с оползневыми текстурами. В кровле алевролит глинистый линзовидно-слоистый . текстуры : деформации, ряби течения, линзовидной слоистости в пачке переслаивания-fm, gb, рябь течения.
Отложения межрусловых площадей;Песчаник мелко-тонкозернистый, тонкозернистый с текстурами горизонтальной слоистости образованными наплывами УРД, реже виднеются прослои с массивной текстурой. К кровле текстуры сменяются на восходящую рябь течения. По слою виднеются маломощные пачки гетеролитных переслаиваний. Изредко по слою наблюдаются мелкие интракласты.
Отложения межрусловых площадей;Песчаник мелкозернистый до мелкотонкозернистого массивный с прослоями горизонтальной слоистости за счет распределения УРД. По слою наблюдается большое количество мелких (первые мм) уплощенных интрокластов игольчатой формы. В подошве прослой песчаника тонкозернистого с крупными (2-5 мм, редко до 10-12 мм) интракластами аргиллитов полуокатанных с сохраненной текстурой нижележащих пород.
Отложения межрусловых площадей;Алевролит глинистый с тонкоградационно-слоистой и горизонтально-слоистой текстурой за счёт тонких прослойков песчанного материала, часто с текстурами деформаций. Порода в слабой степени биотурбированна мелкими ходами Ph . редко встречаются линзы пирита овальной формы размером 5-7 мм. В верхней части слоя-алевролит песчанистый с горизонтальной и градационной слоистостью, часто нарушенной оползневыми де формациями, микросбросами и биотурбацией Ph.
Отложения межрусловых площадей;Песчаник мелко-тонкозернистый, реже тонкозернистый преимущественно с массивной текстурой, изредка нарушенной текстурами взмучивания , с прослоями дебрисных песчаников и горизонтальной слоистостью. По слою встречаются прослои с мелкими рассеяными игольчатыми интракластами. В верхней части слоя песчаник гетеролитовый с текстурами fluid muds и восходящей рябью течения. Цемент глинистый, карбонатноглинистый. Выделяется пачка карбонатизации.
Отложения межрусловых площадей;Песчаники мелко-тонкозернистые с частой сменой текстуры от массивной до горизонтально-слоистой, насыщенные УРД. Завершается цикл тонкой глинистой перемычкой (1-2 см). В кровле прослой песчаника гетеролитового с рябью течения и горизонтальной слоистостью, обогащенные УРД.
Отложения межрусловых площадей;Песчаники от мелко-тонкозернистых до мелкозернистых в средней части слоя. В подошве виднеется прослой и н т ракластов ых пе счан иков. Интракласты полуокатаны размером от первых мм до размера равного диаметру керна, уплощенные, вытянутой формы, часто извилистые, игольчатые, ориентированные параллельно напластованию. По слою виднеются прослои с горизонтальной слоистостью. К кровле интервала отмечаются текстуры взмучивания. Цемент преимущественно глинистый, реже карбонатный и карбонатно-глинистый. В кровле выделяется карбонатизация.
Отложения межрусловых площадей;Алевролиты от песчаных до глинистых с многочисленными деформационными текстурами внедрения песчаного материала (часто с карбонатным цементом), оползания и микросбросов. Виднеются маломощные прослои песчаников тонкозернистых с карбонатным цементом и горизонтальной слоистостью. В верхней части слоя аргиллиты алевритистые с градационной слоистостью так же с текстурами оползания и слабой биотурбацией (Ph).
Отложения межрусловых площадей;переслаивание песчаника тонкозернистого светло-серого, серого с цементом от глинистого до карбонатного с алевролитом глинистым серым, темно-серым. текстуры : массивная , горизонтальная слоистость, рябь течений, тонко-линзовиднослоистая, деформационная. В подошве единичные ходы Te. По слою редкий УРД
Отложения межрусловых площадей;Аргиллит черный с прослоями песчаника светло-серого тонкозернистого с глинистым и карбонатным цементом , переходящий в песчаник тонкозернистый светло-серый с глинистым и карбонатным цементом через алевролит глинистый темносерый и алевролит песчаный серый. текстуры : массивная , горизонтальная слоистость , градационная слоистость, тонкая линзовидная слоистость , линзовидная слоистость , сформированная течениями , деформационная. Биотурбация слабой степени интенсивности и разнообразия. Ходы: Ph, He, Cos. По слою редкие зерна пирита.
Отложения межрусловых площадей;Алевролиты глинистые тонколинзовидно-слоистые, в том числе образованные за счет ряби течения. Текстуры пород подвержены интенсивной деформации (оползание, микросбросы), в нижней и средней части слоя выделяются пачки гетеролитных переслаиваний (Гп и Га) с характерными текстурами восходящей ряби течения, fm. Изредка и спорадически наблюдается мелкая слабая биотурбация (Ph, Cos, редко Te). Цемент в песчаных прослоях и линзах карбонатный.
Отложения межрусловых площадей;алевролит глинистый с деформационными текстурами. В средней части слоя отмечается про слой черного аргиллита алевристого сильно раздробленного (возможно не на своем месте).
Отложения межрусловых площадей;Алевролит глинистый тонкогоризонтально-слоистый. К кровле слоя наблюдаются изменения угла наклона слойков (слоистость пологонаклонная)
Отмирание канала;Алевролит глинистый тонколинзовидно-слоистый за счет ряби течения и преимущественно градационно-слоистый. По слою отмечаются редкие слабые деформации ( подушечные , взмучивание). Цемент в песчаных линзах карбонатный. Порода спорадически очень слабо биотурбирована мелкими ходами Ph
Пески разливов;песчаник и с карбонатным цементом тонкозерностые с текстурами ряби течения, сложно определимой за счет интенсивной деформации (микросбросы, оползания). В нижней части порода представлена гетеролитовым переслаиванием, также интенсивно деформированным. Отмечаются неокатанные крупные включения аргиллитов с сохраненными текстурами.
Пески разливов;Аргиллит тонко-градационнослоистый слабо биотурбированный (Ph) с крупными линзами пирита.
Пески разливов;Неравномерное тонкое гетеролитное переслаивание с преобладанием глинистого, алевро-глинистого материала с характерными текстурами восходящей ряби течения, fluid muds и градационной слоистостью. Прослои и линзочки песчаника тонкозернистого карбонатного тонкие-от первых мм до 1-2 см. Редко наблюдаются слабые деформации (подушечные)
Питающий канал;Тонкое гетеролитное переслаивание алевролита глинистого и песчаника тонкозернистого с преобладанием глинистого материала. Прослой тонкий (0,5-0,7 см). Текстура: рябь течения, жидкие илы. Отмечается слабая редкая биотурбация Ph. Порода и в особенности песчаные прослои карбонатизированы. Алевролит тонко-линзовиднослоистый. В верхней части отмечаются крупные ходы Cos. По слою отмечаются единичные мелкие вкрапления пирита. Неравномерное гетеролитное переслаивание (Га). В песчанике восходящая рябь течения, характерна fm. По слою наблюдаются частые текстуры деформации (подушечные). Аргиллит черный массивный с мелкими линзочками пирита.
Питающий канал;Алевролит глинистый тонкоградационно-слоистый с редкими (первые мм) тонкими линзами песчанистого материала, карбонатизированный. Линзочки песчанистого материала характеризуются деформационными границами
Питающий канал;Песчаник мелко-тонкозернистый с глинистым цементом в кровле до алевритовых глин с прослоями и линзами песчаников тонкозернистых. Текстура: массивная, отмечаются прослои, обогащенные дебрисным УРД и прослой с глинистыми интракластами (10 см), уплощенно вытянутыми по напластованию
Питающий Канал;Песчаник мелкозернистый с карбонатным и карбонатно-глинистым цементом. Текстуры: массивная, в редких прослоях-рябь течения. Отмечаются редкие мелкие глинистые интракласты по слою
Питающий канал;Аргиллитовый алеврит до алевритовых глин с тонкими и мелкими прослойками песчаника тонкозернистого. Текстуры: градационная горизонтальная слоистость, в песчаных прослоях-рябь течения. Отмечается ихтиодетрит на плоскостях напластования. Песчанистые прослои с карбонатным цементом.
Питающий канал;Алевролит глинистый до аргиллита алевритистого с тонкими и мелкими прослоями песчаника тонкозернистого с карбонатным цементом. Текстуры: градационная, горизонтально-слоистая , в песчанистых прослоях-рябь течения. Отмечается ихтиодетрит на плоскостях напластования . Единичные включения пирита.
Питающий канал;Алевролит глинистый до аргиллита алевритистого с прослоями песчаника тонкозернистого. Вверх по разрезу переходит в песчаник тонкозернистый с прослоями а левролит а глинистого. Текстуры: градационная, горизонтально-слоистая, в песчанистых прослоях-рябь течения, восходящая рябь течения. По всему слою микросдвиги. Нижние 2 м разбиты на куски
Питающий канал;Алевролит глинистый до аргиллита алевритистого с тонкими и мелкими (до 10 см) прослойками песчаника тонкозернистого с карбонатным цементом. Текстуры: градационная, горизонтально-слоистая , биотурбации, в песчаных прослоях-рябь течения, по всему слою многочисленные микросдвиги и участками оползания. Биотурбация средней степени (Ph ) д о интенсивной.
Питающий канал;Песчаник мелко-тонкозернистый до тонкозернистого с глинистым, карбонатно-глинистым и карбонатным цементом. Текстуры: массивная, горизонталтнослоистая, прослоями с текстурами нагрузки. Единичные прослои (25 см) с разноразмерными глинистыми интракластами, вытянутыми по напластованию.
Питающий канал;Аргиллит алевритистый до алевролита глинистого с тонкими прослоями песчаника тонкозернистого . текстуры : горизонтальнослоистая. Биотурбация средней степени (Ph, Cos). Единичные включения сидерита.
Питающий канал;песчаник тонкозернистый с глинистым цементом. Текстура: массивная. Единичный прослой (5 см) с дебрисным УРД. В кровле глинистые интракласты.
Питающий канал;песчаник тонкозернистый с глинистым, карбонатно-глинистым цементом, в интервале 3789,3-3791,3-карбонатным. Текстура массивная, единичные прослои с рябью течения. Единичные мелкие глинистые интракласты.
Питающий канал;песчаник тонкозернистый с глинистым и карбонатным цементом с пачками (до 45 см) алевролита глинисто г о д о аргиллита а л е в р и т и с то го . текстуры : в песчаника х-массивная , горизонтально слоистая, рябь течения, в прослоях алевролита глинистого-градационная , линзовидно-слоистая, в линзах рябь течений.
Питающий канал;Преимуще ственно а левролит глинистый д о аргиллита алевритистого с тонкими и мелкими (до 30 см) прослоями песчаника тонкозернистого . текстуры : градационная, деформации, в п е с ч а н ы х п р о с л о я х-горизонтально слоистая, реже массивная.
Питающий канал;Песчаник от мелко-тонкозернистого до тонкозернистого с глинистым, участками с карбонатным цементом. Текстуры: массивная, реже горизонтально-слоистая, прослоями с рябью течения. В верхней части встречаются прослои алевролита глинистого горизонтально-слоистого и линзовиднослоистого, в линзах-песчаник с рябью течения. Характерны многочисленные разноразмерные интракласты алевролита глинистого. В крупных сохранены первичные текстуры и встречается биотурбация (Ph). УРСМ на плоскостях напластования.
Питающий канал;Песчаник от мелко-тонкозернистого до тонкозернистого с глинистым, участками с карбонатным цементом. Текстуры: массивная, редкими прослоями-горизонтально-слоистая, рябь течений. В кровле-переслаивание алевролита глинистого и песчаника тонко-зернистого с рябью течения. Характерны прослои с многочисленными разноразмерными интракластами алевролита глинистого. В некоторых интракластах сохранена первичная градационная текстура. Песчаник с глинистым цементом слабонефтенасыщен.
Питающий канал;Песчаник тонкозернистый до мелкотонкозернистого с глинисто-карбонатным и карбонатно-глинистым цементом с редкими (до 15 см) пачками переслаивания песчаника тонкозернистого и алевритистых глин с рябью течения и биотурбацией (Ph, Pl, Sc). Текстура в песчаниках массивная, отмечены эрозионные поверхности с глинистыми интракластами
Питающий канал;Переслаивание песчаника тонкозернистого и алевролита глинистого до песчаника тонкозернистого в верхней части. Текстуры: в песчаниках-рябь течений, горизонтальнослоистая, деформации, в алевролите-градационная.
Питающий канал;Алевролит глинистый до аргиллита. Текстуры: градационная, участками деформации (оползания). Биотурбация слабая (ст.2) (Ph, He).
Питающий канал;Песчаник мелко-тонкозернистый до тонкозернистого с карбонатным и глинистокарбонатным цементом. Текстуры: массивная, горизонтально-слоистая, рябь течений, единичные прослои с деформациями, фито-детритовые импульсы.
Подводный канал промоины;Алевролит глинистый с тонкими прослоями песчаника тонкозернистого. Текстуры: горизонтально-слоистая, деформации.
Подводный канал промоины;Песчаник от мелко-тонкозернистого до тонкозернистого с пачками переслаивания алевролита глинистого и песчаника тонкозернистого. Текстуры: в песчаниках-массивная, рябь течения, участками деформации, обезвоживания, в переслаивании,-рябь течений, градационные деформации (микросдвиги), биотурбации. Биотурбация слабая (Ph, Pl). Отмечены прослои песчаника обогащенного УРСМ. Цемент в песчанике-карбонатный.
Подводный канал промоины;В нижней части преимущественно алевролиты глинистые до аргиллита с редкими прослоями (до 10 см) песчаника тонко-зернистого с интракластами аргиллита. В верхней части преимущественно алевролит песчанистый до песчаника тонко-зернистого с прослоями алевролита глинистого. По всему слою многочисленные деформационные текстуры (оползания, микросдвиги), песчаник обогащен УРСМ.
Подводный канал промоины;Песчаник тонкозернистый с карбонатным и глинистокарбонатным цементом с пачкой переслаивания алевролита глинистого и песчаника тонкозернистого (17 см). Текстуры в песчанике: массивная, обезвоживания, рябь течений, деформационная. Микросдвиги.
Подводный канал промоины;Алевролит глинистый с мелкими прослойками песчаника тонкозернистого. Текстура деформации. Обогащен УГСМ
Подводный канал промоины;Песчаник тонкозернистый с карбонатным, глинисто-карбонатным цементом в интервале 3857,7-3858,5 м-зона карбонатизации. Многочисленные деформации. Текстуры оползания, микросдвиги. Характерны разноразмерные разноориентированные обломки аргиллита алевритистого. Многочисленный УГСМ по слою.
Подводный канал промоины;Аргиллит алевритистый до алевролита глинистого с тонкими редкими прослойками песчаника тонкозернистого (первые мм). Текстуры: горизонтально-слоистая, градационная, деформации (многочисленные микросдвиги). По слою линзы пирита
Подводный канал промоины;Пачки переслаивания песчаника тонкозернистого и гетеролитов с доминированием песчаника тонкозернистого . Цемент карбонатный. Текстуры: горизонтально-слоистая, рябь течений, градационная, текстуры нарушены деформацией (оползания, микросдвиги). Прослои с дебрисными песчаниками.
Подводный канал промоины;Песчаник тонкозернистый с карбонатноглинистым и глинисто-карбонатным цементом. В нижней половине-текстуры обезвоживания, в верхней-массивная. По слою редкие мелкие глинистые интракласты.
Подводный канал промоины;Песчаник тонкозернистый с глинистокарбонатным и карбонатно-глинистым цементом. Текстуры: обезвоживания, массивная, слабая горизонтальнослоистая.Единичные глинистые интракласты по слою. В кровле крупные неокатанные интракласты аргиллита алевритистого.
Подводный канал промоины;Аргиллит слабоалевритистый массивный с редкими прослоями (1,5 см) песчаника тонкозернистого с текстурой ряби течений.
Подводный канал промоины;Песчаник тонкозернистый с глинисто-карбонатным цементом. Текстуры: горизонтально-слоистая, деформации. Многочисленный УГСМ, единичные обломки углефицированной древесины.
Подводный конус выноса промоины;Аргиллит алевритистый с тонкими линзами и слойками песчаника тонкозернистого. Текстуры: линзовидно-слоистая, горизонтальнослоистая, деформации (оползания, внедрения, микросдвиги). Включения пирита.
Подводный конус выноса промоины;Аргиллит алевритистый, черный, с единичными тонкими прослоями песчаника тонкозернистого светло-серого. Текстуры: массивная, тонкая горизонтальная слоистость. По слою встречаются обломки и раковины двустворок.
Подводный конус выноса промоины;Песчаник мелкозернистый светло-серый, с глинистым цементом, переходящий в алевролит глинистый серый. Текстуры: волнистая слоистость. Биотурбация слабой степени интенсивности, ходы Ch и др. Керн разбит
Подводный конус выноса промоины;Песчаник мелкозернистый светло-серый, с глинистым цементом и тонкими прослоями алевролита глинистого. Текстуры: рябь течения, линзовидная волнистая слоистость, массивная. Биотурбация развита по прослоям алевролита: от слабой до средней степени интенсивности, слабого разнообразия, ходы Cyl, Pl, Sk. В кровле керн раздроблен до размера гальки
Подводный конус выноса промоины;Песчаник от мелкозернистого до тонкозернистого светло-серый с глинистым и карбонатным цементами и прослоями карбонатов в кровле, с тонким прослоем алевролита глинистого серого. Текстура: массивная, рябь течений, косая слоистость, горизонтальная слоистость, линзовидно-волнистая слоистость. По слою несколько циклов изменения зернистости в подошве несколько циклов интракластов аргиллитов от миллиметра до диаметра керна. В подошве углефицированные корни растений, в кровле керн раздроблен до состояния гальки, песка
Подводный конус выноса промоины;Алевролит глинистый серый с прослоями песчаника тонкозернистого до мелкозернистого светло-серый с глинистым цементом. Текстура: волнистая слоистость, тонколинзовидно слоистая, массивная, рябь течений, биотурбация от слабой до средней степени интенсивности и слабого разнообразия. Ходы: Pl, Cyl, Sk. В подошве углефицированные и полые корни растений
Подводный конус выноса промоины;Песчаник от мелкозернистого до тонкозернистого светло-серый с глинистым цементом, с прослоями алевролита глинистого серого, темносерого. Текстура: массивная, рябь течений, тонко-линзовидно слоистая, волнистая слоистость, биотурбация от слабой до средней степени интенсивности и слабого разнообразия. Ходы: Pl, Sk, Cyl, Sc? УРД. В кровле керн раздроблен до гальки
Подводный конус выноса промоины;Алевролит глинистый серый с прослоями песчаника тонкозернистого светло-серого с глинистым цементом. Текстура: массивная, тонко-линзовидно слоистая, рябь течений, биотурбация слабой степени интенсивности и разнообразия. Ходы: Cyl, Pl, Sk., по слою углефицированные и полые корни растений, на глубине 1114,60 открытая трещина 40 см. В подошве углефицированные обломки древесины
Прибрежная равнина;Песчаник от среднезернистого до тонкозернистого светло-серый с глинистым цементом. Текстура: рябь течений, массивная. По слою интракласты аргиллита и алевролита от миллиметра до диаметра керна
Приливно-отливная отмель;Переслаивание пачек алевролита глинистого серого с тонким прослоем песчаника тонкозернистого светло-серого и песчаника мелкозернистого светлосерого с глинистым цементом. Текстура: рябь течений, тонколинзовиднослоистая, линзовидноволнистая слоистость, биотурбация редкими единичными Pl., единичая деформация, керн в некоторых местах разрушен до гальки. УРД.
Приливно-отливная отмель;Песчаник мелкозернистый до тонкозернистого светло-серый с глинистым цементом и прослоем карбонатизации с единичным тонким прослоем алевролита глинистого серого. Текстура: рябь течений, массивная, линзовидноволнистая слоистость. УРД.
Приливно-отливная отмель;Чередование пачек переслаивания алевролита глинистого серого с песчаником тонкозернистым светло-серым и пачек песчаника тонкозернистого светло-серого с глинистым цементом и единичным прослоем алевролита глинистого серого. Текстура: тонко-линзовидно слоистая, линзовидно-волнисто слоистая, волнисто слоистая, рябь течений, массивная, биотурбация от слабой до сильной степени интенсивности и слабой до средней разнообразия. Ходы: Cyl, Pl, Sk, Te, As, Ro, по слою УРД, в подошве зерна пирита, деформации и единичный углефицированный корень.
Приливно-отливная отмель;Песчаник от среднезернистого до мелкозернистого с глинистым цементом и единичным переслаиванием алевролита глинистого серого. Текстура: массивная, косая слоистость, рябь течений, горизонтальная слоистость, тонколинзовидная слоистость. По слою наблюдаются многочисленные циклы размывов. В подошве циклов многочисленные обломки алевролита и аргиллита от миллиметра до диаметра керна с сохранением первоначальной текстуры. УРД, зерна Py, Sid
Приливно-отливная отмель;Песчаник мелкозернистый светло-серый с глинистым цементом и прослоем карбонатного цемента с прослоем алевролита глинистого серого. Текстура: линзовидно-волнистая слоистость, рябь течений, тонко-линзовидная слоистость. УРД.
Приливно-отливная отмель;Алевролит глинистый серый с тонким прослоем песчаника тонкозернистого светло-серого с глинистым цементом Текстура: тонко-линзовидная слоистость. УРД.
Приливно-отливная отмель;Песчаник мелкозернистый светло-серый с прослоем алевролита глинистого серого. Текстура: рябь течений, линзовидноволнистая слоистость, тонко-линзовидная слоистость. УРД
Приливно-отливный канал;Русловые отмели меандрирующих рек
Приливно-отливный канал;Алевролит глинистый серый с прослоем песчаника мелкозернистого до тонкозернистого светло-серого с глинистым цементом Текстура: тонко-линзовидная слоистость сформированная течением. УРД.
Приливно-отливный канал;Песчаник от крупнозернистого до мелкозернистого светло-серый с глинистым цементом. Текстура: рябь течений, волнистая слоистость, подчеркнутая намывами УГСМ,керн разбит, в подошве деформации, в кровле зерна пирита
Приливно-отливный канал;Песчаник от мелкозернистого до тонкозернистого с глинистым цементом с прослоем алевролита глинистого серого. Текстура: рябь течений, массивная, косая слоистость, тонколинзовидная слоистость. Наблюдаются циклы изменения зернистость (уменьшение к кровле). На глубине 1178,5 прослой карбонатов 60 см. Нефтенасыщение среднее развито спорадически.
Приливно-отливный канал;Алевролит глинистый темно-серый с прослоями песчаника тонкозернистого светло-серого с карбонатным цементом и аргиллита алевритистого черного. Текстуры: градационная, горизонтальная, тонкая линзовидная слоистость, линзовидная слоистость сформированная течениями, ряби течений. Биотурбация от слабой до средней степени интенсивности и слабого разнообразия, ходы Ph, He.
Прирусловой вал;Алевролит глинистый темно-серый с многочисленными тонкими прослоями песчаника тонкозернистого светло-серого с карбонатным и глинистым цементом и с прослоями аргиллита алевритистого черного. Текстуры: градационная, горизонтальная слоистость, тонкая линзовидная слоистость, линзовидная слоистость сформированная течениями. Биотурбация от слабой до сильной степени интенсивности и слабого разнообразия, ходы Ph, He, Cos, Pl, Cyl?.
Прирусловой вал;Алевролит глинистый темно-серый с тонкими прослоями песчаника тонкозернистого светлосерого с карбонатным цементом. Текстуры: тонкая линзовидная слоистость, линзовидная слоистость сформированная течениями. Биотурбация от средней до сильной степени интенсивности и слабого разнообразия, ходы Ph, He, Cos, Pl, Cyl?.
Прирусловой вал;Алевролит глинистый темно-серый с тонкими прослоями песчаника тонкозернистого светлосерого с карбонатным цементом. Текстуры: градационная, горизонтальная слоистость, тонкая линзовидная слоистость, линзовидная слоистость сформированная течениями. Биотурбация от слабой до средней степени интенсивности и слабого разнообразия, ходы Ph, Pl.
Проксимальный прирусловой вал;Алевролит глинистый темно-серый с прослоями песчаника тонко-зернистого светло-серого и аргиллита алевритистого серого. Текстуры: градационная, массивная, тонколинзовидная слоистость, биотурбация от слабой до средней степени интенсивности и разнообразия, ходы Ph, Pl, Sc, зерна Py.
Проксимальный прирусловой вал;Аргиллит алевритистый темно-серый с тонкими прослоями песчаника тонкозернистого серого с карбонатным цементом переходящий в алевролит глинистый темносерый с тонкими прослоями песчаника тонко-зернистого светло-серого с карбонатным цементом и прослоями аргиллита алевритистого черного. Текстуры: массивная, градационная, тонко-линзовидно слоистая, биотурбация сильной степени интенсивности и слабого разнообразия, ходы Ph, He, Cos, по слою редкий ихтиодетрит, зерна Py.
Проксимальный прирусловой вал;Переслаивание песчаника светло-серого тонкозернистого с глинистым и карбонатным цементом с алевролитом глинистым темносерым. Текстуры: рябь течения, тонколинзовидная слоистость, линзовидная слоистость, сформированная течением, биотурбация слабая, ходы Ph.
Проксимальный прирусловой вал;Песчаник от мелкозернистого до тонкозернистого светло-серый с цементом от глинистого до карбонатного с прослоями дебрисного песчаника серого от мелкозернистого до тонкозернистого в верхней части слоя и прослоями алевролита глинистого темно-серого. Текстура: массивная, косая слоистая, рябь течения, линзовидно-волнистая слоистость, тонко-линзовидная слоистость, линзовидная слоистость сформированная волнами, биотурбация развита спорадически, ходы Ph. Наблюдается несколько циклов изменения зернистости (уменьшается к кровле) к подошве циклов приурочены интракласты аргиллитов.
Проксимальный прирусловой вал;Чередование пачек песчаника тонкозернистого до мелко-зернистого светлосерого с глинистым и карбонатным цементом с единичным прослоем дебрисного песчаника серого тонкозернистого и алевролита глинистого темно-серого с тонким переслаиванием песчаника тонкозернистого светло-серого с прослоем алевролита глинистого темно-серого и аргиллита черного и пачек переслаивания алевролита глинистого темно-серого с тонким прослоем песчаника тонкозернистого светло-серого и аргиллита черного. Текстуры: массивная, горизонтальнослоистая, рябь течений, биотурбация развита спорадически. Биотурбация представлена ходами Pl, Ph. По слою редкие деформации.
Проксимальный прирусловой вал;Фронтальная зона проксимальной части лопасти
Проксимальный прирусловой вал;Песчаник тонкозернистый светло-серый с глинистым цементом с прослоем дебрисного песчаника тонкозернистого серого и алевролита глинистого темно-серого. Текстуры: массивная, рябь течения, линзовидно-волнисто-слоистая, тонколинзовидная слоистость, линзовиднослоистая, сформированная течением. Единичная биотурбация Sc. Редкие деформации.
Проксимальный прирусловой вал;Переслаивание песчаника тонкозернистого светлосерого с глинистым цементом и алевролита глинистого темно-серого с редким прослоем дебрисного песчаника серого тонкозернистого. Текстуры: массивная, тонкая линзовидная слоистость, линзовидная слоистость, сформированная течением, рябь течений, деформации. Биотурбация слабой степени интенсивности и разнообразия, ходы Ph, He, Pl.
Проксимальный прирусловой вал;Песчаник светло-серый тонкозернистый с глинистым цементом с единичным прослоем песчаника дебрисного серого тонкозернистого с глинистым цементом. Текстуры: массивная, рябь течений. По слою редкие интракласты аргиллита.
Проксимальный прирусловой вал;Переслаивание алевролита глинистого темно-серого с песчаником тонкозернистым светло-серым с глинистым цементом. Текстуры: тонко-линзовидная слоистость, градационная, линзовидная слоистость, сформированная течением, рябь течений. Отмечается единичная биотурбация, ходы Sc, углефицированные обломки древесины.
Проксимальный прирусловой вал;Песчаник светло-серый тонкозернистый с глинистым цементом с прослоями песчаника дебрисного серого тонкозернистого с глинистым цементом и алевролита глинистого темно-серого. Текстуры: массивная, тонколинзовидная слоистость. Отмечаются редкие интракласты аргиллита, деформации.
Проксимальный прирусловой вал;Песчаник мелкозернистый светло-серый с глинистым и карбонатным цементом с единичным прослоем песчаника дебрисного с глинистым цементом и алевролита глинистого темно-серого. Текстуры: массивная, тонко-линзовидная слоистость. В подошве слоя интракласты аргиллита
Проксимальный прирусловой вал;Переслаивание песчаника тонкозернистого светлосерого с глинистым цементом с дебрисным песчаником серым тонкозернистым с глинистым цементом, алевролитом глинистым темно-серым, аргиллитом черным. Текстуры: градационная, тонко-линзовидная слоистость, горизонтальная слоистость. По слою редкие интракласты аргиллита.
Проксимальный прирусловой вал;Песчаник тонкозернистый светло-серый с карбонатно-глинистым цементом массивный с единичными интракластами.
Проксимальный прирусловой вал;Песчаник от тонкозернистого до мелкозернистого светлосерый с глинистым и карбонатным цементом с единичным прослоем алевролита глинистого темно-серого и дебрисного песчаника серого цвета. Текстуры: массивная, рябь течений, волнистая слоистость
Проксимальный прирусловой вал;Переслаивание дебрисного песчаника серого цвета тонкозернистого с глинистым цементом, песчаника тонкозернистого светло-серого с глинистым цементом и редкими прослоями алевролита глинистого темно-серого и аргиллита чёрного. Текстуры: массивная, тонко-линзовидная слоистость, рябь течений, градационная слоистость, биотурбации (редкие ходы: Pl, Ph, Sc). По слою редкие интракласты.
Проксимальный прирусловой вал;Песчаник тонкозернистый светлосерый с цементом от глинистого до карбонатного, с единичным переслаиванием алевролита глинистого темно-серого, аргиллита черного и прослоями дебрисного песчаника. Текстуры: массивная, рябь течений, единичные деформации. Единичная биотурбация представлена ходами Pl, Te.
Проксимальный прирусловой вал;Чередование пачек переслаивания алевролита глинистого темно-серого с прослоями песчаника тонкозернистого светло-серого с глинистым цементом и единичными прослоями аргиллита алевритистого чёрного и песчаника тонкозернистого светло-серого с глинистым, карбонатно-глинистым, карбонатным цементом с прослоем алевролита глинистого темно-серого . Текстуры: массивная, горизонтальная слоистость, рябь течений, тонко-линзовидная слоистость, деформации. Биотурбация развита спорадически (единичные ходы: Pl, He). По слою редкие прослои дебрисного песчаника
Проксимальный прирусловой вал;Алевролит глинистый с линзами песчаного материала , деформационный, градационнослоистый . линзы смяты в микроскладки и наклонены под углом.
Проксимальный прирусловой вал;Алевролит глинистый с линзами песчаного материала, в подошве два слойка до 8 см с карбонатным цементом . текстура тонко-линзовидно слоистая с мелкими биотурбациями (Ph) , градационнослоистая. В кровле массивный.
Проксимальный прирусловый вал;Песчаник тонкозернистый с прослоями аргиллита. Текстуры: горизонтальнослоистая , массивная , т о н ко-линзовидно-слоистая , биотурбированная, рябь течения, градационно слоистая. Биотурбация слабой степени интенсивно сти представлена Cos, He?, Te, Th, Pl. Цемент в песчаниках от глинистого до карбонатного.
Проксимальный прирусловый вал;Песчаник тонко-мелкозернистый серый с прослоями алевролита глинистого и аргиллита. Цемент от глинистого до карбонатного. Текстуры: массивная, тонко-линзовидно слоистая, рябь течения , деформационная , градационная, биотурбированные пламенные текстуры. Биотурбация слабой степени интенсивности и разнообразия (Ph, Cos, Te, Pl), развита в глинистых прослоях. Интракласты аргиллитов неокатанной формы. По слою УРД, реже УРО
Проксимальный прирусловый вал;Песчаник средне-мелкозернистый серый с прослоями алевролита глинистого и аргиллита. Цемент от глинистого до карбонатного. Текстуры: массивная, дебрисная, тонко-линзовидно слоист ая, деформационная, рябь течения, пламенные текстуры, градационная слоистость в глинистых прослоях. По интервалу интеркласты аргиллита неокатанной формы, продолговатые, ориентированы преимущественно по напластованию . По всему интервалу УРД.
Проксимальный прирусловый вал;Песчаник тонкозернистый серый с прослоями алевролита глинистого и песчаника, аргиллита. Текстуры: массивная, деформационная, тонколинзовидно слоистая , горизонтально слоистая , градационная в глинистых прослоях. Цемент в песчаниках глинисто-карбонатный , карбонатно-глинистый , карбонатный . текстуры подчеркнуты УРД, УРО на поверхностях напластования.
Проксимальный прирусловый вал;Песчаник мелко-тонкозернистый серый с прослоями алевролита глинистого, аргиллита. Текстуры: массивная , дебрисная , деформационная, рябь течения, горизонтальная, тонко-линзовидно слоистая. Цемент от глинистого до карбонатно г о . единичные биотурбации в глинистых прослоях (Te, Ph). Деформации по размеру от крупных (на весь диаметр керна) до мелких (1-2 см). Встречаются единичные УРО на поверхностях напластования, детрит встречается повсеместно.
Русловые отмели меандрирующих рек;Песчаник мелко-среднезернистый серый с тонкими прослоями алевролита глинистого и аргиллита. текстуры : массивная , деформационная, пламенная, тонколинзовидно слоистая. Цемент глинистый, глинисто-карбонатный, карбонатно-глинистый , карбонатный . деформации крупные, на весь диаметр керна, интракласты мелкие тонкие ориентированы по напластованию. УРД по всему интервалу.
Русловые отмели меандрирующих рек;Алевролит песчаный с прослоями песчаника тонкозернистого и аргиллитов в верхней части слоя. текстуры : массивная , деформационная , тонко-линзовидно слоистая, дебрисная в песчаника х , градационная , восходящая рябь течения. По интервалу крупные деформации, интракласты глинистых пород. Единичные УРО, многочисленный УРД. Цемент в пе счаниках глинистый.
Русловые отмели меандрирующих рек;Песчаник тонкозернистый серый с прослоями алевролита глинистого и аргиллита. Текстуры: тонколинзовидно слоистая, массивная, деформационная, рябь течения, интракластовая, градационная. Текстуры подчеркнуты намывами УРД. Цемент глинистый, местами глинисто-карбонатный в песчанике.
Русловые отмели меандрирующих рек;Алевролит глинистый темно-серый до аргиллита с редкими тонкими прослоями песчаника тонкозернистого светло-серого. Цемент в песчанике карбонатный (кальцитовый и сидеритовый). Текстуры: горизонтальная слоистость, градационная, ряби течений. Биотурбация от слабой до средней степени интенсивности и разнообразия, ходы Ph, Cos. Отмечаются мелкие линзы и стяжения пирита.
Русловые отмели меандрирующих рек;Переслаивание песчаника тонкозернистого светло-серого и алевролита глинистого темно-серого. Цемент в песчанике от карбонатноглинистого до карбонатного. Текстуры: горизонтально-слоистая, рябь течений (в песчанике), жидкие илы, биотурбации. Биотурбация от слабой до средней степени интенсивности и разнообразия (ходы Ph, Cos, реже Pl). Отмечается пирит в линзах, редко УРД. В середине слоя отмечается слабое нефтенасыщение.
Средний конус выноса дельты;Алевролит глинистый темно-серый до аргиллита с редкими тонкими прослоями песчаника тонкозернистого светло-серого. В песчанике карбонатный (кальцитовый и сидеритовый) цемент. Текстуры: горизонтально-слоистая, линзовиднослоистая, рябь течений (в песчанике). Биотурбация от слабой до средней степени интенсивности и разнообразия (ходы Ph, Cos). Отмечается пирит в виде мелких линз (в середине слоя).
Средняя предфронтальая зона пляжа;Алевролит глинистый темно-серый до аргиллита с тонкими прослоями песчаника тонкозернистого. В песчанике карбонатный кальцитовый и сидеритовый цемент. Текстуры: градационная, горизонтально-слоистая, редко рябь течений, массивная, линзовидно-слоистая. Биотурбация слабой степени интенсивности и разнообразия (ходы Ph, Pl, Cos). В подошве слоя единичный ихтиодетрит. В кровле слоя единичные линзы пирита.
Фронтальная зона дистальной части лопасти;Песчаник тонкозернистый светло-серый с пачками переслаивания алевролита глинистого темно-серого и песчаника тонкозернистого светло-серого и серого. Цемент от глинистого до глинистокарбонатного. Текстуры: деформации (микросдвиги в песчанике и пачках переслаивания), массивная, горизонтально-слоистая, рябь течений и восходящая рябь течений, жидкие илы. Биотурбация слабой степени интенсивности и разнообразия (ходы Pl, Te, Sc). Отмечаются прослои с УРД на поверхностях напластования, фитодетритовые импульсы, интракласты аргиллита в кровле слоя. В нижней части слоя зеркала скольжения.
Фронтальная зона дистальной части лопасти;Песчаник тонкозернистый светлосерый, цемент карбонатно-глинистый и карбонатный. Текстуры: массивная, деформации, горизонтально-слоистая. В кровле слоя отмечаются интракласты аргиллита и фитодетритовые импульсы.
Фронтальная зона дистальной части лопасти;Песчаник тонкозернистый с пачками переслаивания алевролита глинистого темно-серого и песчаника тонкозернистого светло-серого. Цемент глинистый и карбонатно-глинистый. Текстуры: массивная, горизонтально-слоистая, жидкие илы, рябь течений, линзовидно-слоистая, деформации. Биотурбация слабой степени интенсивности и разнообразия (ходы Sc, Pl, Ph, Te). Отмечаются прослои, обогащенные УРД. Фитодетритовые импульсы.
Фронтальная зона дистальной части лопасти;Песчаник тонкозернистый серый с пачкой переслаивания алевролита глинистого темно-серого и песчаника тонкозернистого серого. Текстуры: массивная, горизонтально-слоистая, линзовидная, биотурбации. Биотурбация средней степени интенсивности и разнообразия (Pa, Te, Pl). В середине слоя вертикальные трещины, интракласты аргиллита, в кровле фитодетритовые импульсы, УРД. Слабое нефтенасыщение.
Фронтальная зона дистальной части лопасти;Переслаивание алевролита глинистого темно-серого и песчаника тонкозернистого светло-серого, отмечаются прослои дебрисного песчаника. Текстуры: массивная, линзовидно-слоистая, деформации, оползания, горизонтально-слоистая, рябь течений. Отмечаются интракласты аргиллита в песчанике, в подошве линзы пирита. В дебрисном песчанике микросдвиги, фитодетритовые импульсы. Биотурбация от слабой до средней степени интенсивности и разнообразия (Pa, Te, Pl, Cos, Ph). УРД. Слабое нефтенасыщение.
Фронтальная зона проксимальной части лопасти;Песчаник тонкозернистый светло-серый с пачками переслаивания алевролита глинистого темно-серого и песчаника тонкозернистого светло-серого, отмечаются также прослои дебрисного песчаника. Цемент карбонатноглинистый. Текстуры: массивная, градационная слоистость, линзовидная, рябь течений, пламенная, биотурбации. Биотурбация слабой степени интенсивности и разнобразия, ходы Ph. В кровле слоя интракласты аргиллита. УРД по напластованию. Вертикальные трещины, фитодетритовые импульсы. Слабое нефтенасыщение
Фронтальная зона проксимальной части лопасти;Песчаник тонкозернистый светло-серый с тонкими прослоями алевролита глинистого. Цемент в песчанике от карбонатно-глинистого до карбонатного. Текстуры: массивная, горизонтальнослоистая, пламенная. Отмечаются мелкие интракласты аргиллита.
Фронтальная зона проксимальной части лопасти;Песчаник мелко-тонкозернистый с пачками переслаивания алевролита глинистого темно-серого и песчаника тонкозернистого светло-с ерого. Отмечаются прослои дебрисного песчаника. Цемент в песчанике глинистый и карбонатно-глинистый, в кровле сидеритовый. Текстуры: массивная, градационная слоистость, горизонтально-слоистая, пламенная, рябь течений, линзовидная, деформации. Биотурбация от слабой до средней степени интенсивности и разнообразия, ходы Te, Sc, Pl, Ph. УРД на плоскостях напластования. Порода трещиноватая.
Фронтальная зона проксимальной части лопасти;Песчаник мелко-тонкозернистый светло-серый с глинистым, глинистокабонатным и карбонатным цементом. В кровле слоя дебрисный песчаник, по слою отмечаются интракласты аргиллита. На глубине 3578,25 мпереслаивание песчаника и алевролита глинистого. Текстуры: рябь течений, горизонтально-слоистая, массивная, деформации, биотурбации. Биотурбация слабой степени интенсивности и разнообразия, ходы Те. УРД на плоскостях напластования. В середине слоя керн трещиноват.
Фронтальная зона проксимальной части лопасти;Переслаивание алевролита глинистого темносерого и песчаника тонкозернистого светлосерого. Цемент в песчанике глинистый, в кровле слоя глинисто-карбонатный. Текстуры: массивная, горизонтальнослоистая, рябь течений, градационной слоистости. Биотурбация слабой степени интенсивности и разнообразия, ходы Ph, Pa, Cos, Pl.
Фронтальная зона проксимальной части лопасти;Песчаник тонкозернистый светло-серый с единичными тонкими прослоями алевролита глинистого. Цемент от глинистого до карбонатного. Текстуры: массивная, горизонтально-слоистая, пламенная, деформации. В кровле слоя мелкие интракласты аргиллита
Фронтальная зона проксимальной части лопасти;Аргиллит черный с тонкими (первые мм) с прослойками алевролита песчаного с карбонатным цементом. Породы трещиноватые в нижних 2,5 м разбиты до дресвы. Раковинный детрит по слою. Ихтиодетрит.
Фронтальная зона проксимальной части лопасти;Песчаник мелкозернистый с карбонатным цементом биотурбированный (Ch, As, Cyl).
Фронтальная зона проксимальной части лопасти;Песчаник мелкозернистый с глинистым цементом, нижние 30 см с карбонатным цементом. Отмечаются прослои алевролита глинистого. Текстуры: восходящая рябь течений, в прослоях-волнисто-слоистая, биотурбации. Биотурбация слабая (Sk, Pl). По слою включения пирита.
Фронтальная зона проксимальной части лопасти;От алевролита глинистого с линзами и слойками песчаника тонко-мелкозернистого до песчаника мелкозернистого с прослоями алевролита глинистого. Текстуры: линзовидно-слоистая, волнисто-слоистая, линзовидно-волнист-слоистая, биотурбации, рябь течений. Биотурбация в глинистых и песчаных прослоях средней степени (Sk, Pl, Cyl?).
Фронтальная зона проксимальной части лопасти;Алевролит глинистый с линзами и прослоями песчаника тонко-зернистого до мелкозернистого. Количество прослоев увеличивается к кровле. Текстуры: линзовидно-слоистая, волнистослоистая, линзовидно-волнисто-слоистая, биотурбации. Биотурбация до средней степени. Ходы Sk, Pl, Cyl?
Фронтальная зона проксимальной части лопасти;Песчаник мелко-зернистый с глинистым цементом. Текстуры: восходящая рябь течений.
Фронтальная зона средней части лопасти;Алевролит глинистый с прослоями песчаника мелкозернистого. Текстуры: волнисто-слоистая. Характерны углеицированные корни.
Фронтальная зона средней части лопасти;Алевролит глинистый с углефицированными корнями и УРО. Отмечаются тонкие прослойки алевролита песчаного.
Фронтальная зона средней части лопасти;Переслаивание песчаника тонко-мелкозернистого и алевролита глинистого. Текстуры: волнистослоистая, линзовидно-слоистая. По слою трещины синерезиса, углефицированные корни.
Фронтальная зона средней части лопасти;Алевролит глинистый с прослоями алевролита песчаного. В песчаных прослоях карбонатный цемент. Текстуры: горизонтально-слоистая, биотурбации. Биотурбация средней степени (Ph, Cos). о слою включения пирита. Единичные прослои (2 см) сидеритизации. В интервале 3469,95-3470,5-микросдвиги.
Фронтальная зона средней части лопасти;Преимущественно песчаник тонко-зернистый с карбонатным до глинисто-карбонатного и карбонатно-глинистым цементом. В нижней и верхней частях интервала аргиллит алевритистый с тонкими и мелкими (до 3 см) прослойками песчаника тонко-зернистого. Текстуры: в песчаниках-рябь течения, в аргиллите алевритистом-горизонтально-слоистая, линзовидно-слоистая
